{"loss": 0.14332962036132812, "acc": 0.9408750534057617}