{"loss": 0.23860545456409454, "acc": 0.9081250429153442}